{
	"teste": {
		"path"		: "app/view/home.php",
		"sessionKey": [],
		"sanitize"	: {"requestVars": true,  "code": true, "sql": true },
		"errorPath"	: "app/views/error.php"
	},
	"run":{
		"path"		: "app/classbuilder/run.php",
		"sessionKey": [],
		"sanitize"	: {"requestVars": true,  "code": true, "sql": true },
		"errorPath"	: "app/views/error.php"
	},
	"home": {
		"path"		: "app/views/home.php",
		"sessionKey": [],
		"sanitize"	: {"requestVars": true,  "code": true, "sql": true },
		"errorPath"	: "app/views/error.php"
	},	
	"homeUser": {
		"path": "app/views/homeUser.php",
		"sessionKey": [{"idUsuario": true}],
		"sanitize"	: { "requestVars": true, "code" : true, "sql": true },
		"errorPath"	: "app/views/error.php"
	},
	"homeAdmin": {
		"path": "app/views/homeAdmin.php",
		"sessionKey": [{"idUsuario": true},{"isAdmin": true}],
		"sanitize"	: {"requestVars": true,  "code": true, "sql": true },
		"errorPath"	: "app/views/error.php"
	},
	"404": {
		"path"		: "app/views/erro404.php",
		"sessionKey": [],
		"sanitize"	: {"requestVars": true,  "code": true, "sql": true },
		"errorPath"	: "app/views/error.php"
	},
	"usuario": {
	  "path": "app/controllers/UsuarioCtrl.php",
	  "sessionKey": [{"idUsuario": true}],
	  "sanitize": { "requestVars": true, "code": true, "sql": true },
	  "errorPath": "app/views/error.php"
	},
	"auth": {
	  "path": "app/controllers/AuthCtrl.php",
	  "sessionKey": [],
	  "sanitize": { "requestVars": true, "code": true, "sql": true },
	  "errorPath": "app/views/error.php"
	}
	
}